﻿<parameters>
  <parameter name="IIS Web Application Name" defaultValue="Default Web Site/API-iODS_deploy" tags="IisApp">
    <parameterEntry kind="ProviderPath" scope="IisApp" match="^D:\\build\\DMO\\Develop_IODS\\IODS\\API-Cube\\API-Cube\\obj\\Release\\Package\\PackageTmp$" />
    <parameterEntry kind="ProviderPath" scope="setAcl" match="^D:\\build\\DMO\\Develop_IODS\\IODS\\API-Cube\\API-Cube\\obj\\Release\\Package\\PackageTmp$" />
  </parameter>
  <parameter name="Add write permission to App_Data Folder" description="Add write permission to App_Data folder" defaultValue="{IIS Web Application Name}/App_Data" tags="Hidden">
    <parameterEntry kind="ProviderPath" scope="setAcl" match="^D:\\build\\DMO\\Develop_IODS\\IODS\\API-Cube\\API-Cube\\obj\\Release\\Package\\PackageTmp\\App_Data$" />
  </parameter>
  <parameter name="DefaultConnection-Web.config Connection String" description="DefaultConnection Connection String used in web.config by the application to access the database." defaultValue="Data Source=(LocalDb)\MSSQLLocalDB;AttachDbFilename=|DataDirectory|\aspnet-API-Cube-20161102023151.mdf;Initial Catalog=aspnet-API-Cube-20161102023151;Integrated Security=True" tags="SqlConnectionString">
    <parameterEntry kind="XmlFile" scope="D:\\build\\DMO\\Develop_IODS\\IODS\\API-Cube\\API-Cube\\obj\\Release\\Package\\PackageTmp\\Web\.config$" match="/configuration/connectionStrings/add[@name='DefaultConnection']/@connectionString" />
  </parameter>
  <parameter name="Entities-Web.config Connection String" description="Entities Connection String used in web.config by the application to access the database." defaultValue="metadata=res://*/Models.MSLAB2203.csdl|res://*/Models.MSLAB2203.ssdl|res://*/Models.MSLAB2203.msl;provider=System.Data.SqlClient;provider connection string=&quot;data source=;initial catalog=OpsDataStore;persist security info=True;Application Name=iODS-API;MultipleActiveResultSets=True;Integrated Security=True;&quot;" tags="SqlConnectionString">
    <parameterEntry kind="XmlFile" scope="D:\\build\\DMO\\Develop_IODS\\IODS\\API-Cube\\API-Cube\\obj\\Release\\Package\\PackageTmp\\Web\.config$" match="/configuration/connectionStrings/add[@name='Entities']/@connectionString" />
  </parameter>
  <parameter name="OpsDataStoreEntities-Web.config Connection String" description="OpsDataStoreEntities Connection String used in web.config by the application to access the database." defaultValue="metadata=res://*/Models.MSLAB2203.csdl|res://*/Models.MSLAB2203.ssdl|res://*/Models.MSLAB2203.msl;provider=System.Data.SqlClient;provider connection string=&quot;data source=;initial catalog=OpsDataStore;persist security info=True;Application Name=iODS-API;MultipleActiveResultSets=True;Integrated Security=True;&quot;" tags="SqlConnectionString">
    <parameterEntry kind="XmlFile" scope="D:\\build\\DMO\\Develop_IODS\\IODS\\API-Cube\\API-Cube\\obj\\Release\\Package\\PackageTmp\\Web\.config$" match="/configuration/connectionStrings/add[@name='OpsDataStoreEntities']/@connectionString" />
  </parameter>
  <parameter name="TestConnection-Web.config Connection String" description="TestConnection Connection String used in web.config by the application to access the database." defaultValue="Server=;Database=;Application Name=iODS-API;MultipleActiveResultSets=True;Connect Timeout=10;Pooling=True;Max Pool Size=200;Integrated Security=True;" tags="SqlConnectionString">
    <parameterEntry kind="XmlFile" scope="D:\\build\\DMO\\Develop_IODS\\IODS\\API-Cube\\API-Cube\\obj\\Release\\Package\\PackageTmp\\Web\.config$" match="/configuration/connectionStrings/add[@name='TestConnection']/@connectionString" />
  </parameter>
</parameters>